/*
SQLyog v10.2 
MySQL - 5.5.27 : Database - ssm_travel
*********************************************************************
*/

/*!40101 SET NAMES utf8 */;

/*!40101 SET SQL_MODE=''*/;

/*!40014 SET @OLD_UNIQUE_CHECKS=@@UNIQUE_CHECKS, UNIQUE_CHECKS=0 */;
/*!40014 SET @OLD_FOREIGN_KEY_CHECKS=@@FOREIGN_KEY_CHECKS, FOREIGN_KEY_CHECKS=0 */;
/*!40101 SET @OLD_SQL_MODE=@@SQL_MODE, SQL_MODE='NO_AUTO_VALUE_ON_ZERO' */;
/*!40111 SET @OLD_SQL_NOTES=@@SQL_NOTES, SQL_NOTES=0 */;
CREATE DATABASE /*!32312 IF NOT EXISTS*/`ssm_travel` /*!40100 DEFAULT CHARACTER SET utf8 */;

USE `ssm_travel`;

/*Table structure for table `member` */

DROP TABLE IF EXISTS `member`;

CREATE TABLE `member` (
  `id` int(32) NOT NULL AUTO_INCREMENT,
  `name` varchar(25) DEFAULT NULL,
  `nickName` varchar(25) DEFAULT NULL COMMENT '昵称',
  `phoneNum` varchar(25) DEFAULT NULL,
  `email` varchar(25) DEFAULT NULL,
  PRIMARY KEY (`id`) USING BTREE
) ENGINE=InnoDB AUTO_INCREMENT=5 DEFAULT CHARSET=utf8 ROW_FORMAT=DYNAMIC;

/*Data for the table `member` */

insert  into `member`(`id`,`name`,`nickName`,`phoneNum`,`email`) values (1,'张三','小三','13888889999','zhangsan@QQ.com'),(2,'李四','小李','15077887777','lisi@qq.com'),(3,'王五','小五','13789666677','wang@163.com'),(4,'赵六','小六子','13876457777','zhao@gmail.com');

/*Table structure for table `order_traveller` */

DROP TABLE IF EXISTS `order_traveller`;

CREATE TABLE `order_traveller` (
  `orderId` int(11) NOT NULL COMMENT '订单id',
  `travellerId` int(11) NOT NULL COMMENT '旅客id',
  PRIMARY KEY (`orderId`,`travellerId`) USING BTREE,
  KEY `travellerId` (`travellerId`) USING BTREE,
  CONSTRAINT `order_traveller_ibfk_1` FOREIGN KEY (`orderId`) REFERENCES `orders` (`id`),
  CONSTRAINT `order_traveller_ibfk_2` FOREIGN KEY (`travellerId`) REFERENCES `traveller` (`id`)
) ENGINE=InnoDB DEFAULT CHARSET=utf8 ROW_FORMAT=DYNAMIC;

/*Data for the table `order_traveller` */

insert  into `order_traveller`(`orderId`,`travellerId`) values (1,1),(3,1),(4,1),(5,1),(6,1),(1,2),(10,2),(2,3),(3,3),(9,3),(12,3),(14,3),(7,4),(3,5),(2,6),(8,6);

/*Table structure for table `orders` */

DROP TABLE IF EXISTS `orders`;

CREATE TABLE `orders` (
  `id` int(32) NOT NULL AUTO_INCREMENT,
  `orderNum` varchar(20) DEFAULT NULL,
  `orderTime` timestamp NULL DEFAULT NULL,
  `peopleCount` int(11) DEFAULT NULL,
  `orderDesc` varchar(500) DEFAULT NULL,
  `payType` int(11) DEFAULT NULL COMMENT '支付方式（0 支付宝 1微信 2 其他',
  `orderStatus` int(11) DEFAULT NULL COMMENT '订单状态（0未支付1已支付）',
  `productId` int(32) DEFAULT NULL COMMENT '产品id外键',
  `memberId` int(32) DEFAULT NULL COMMENT '会员（联系人）id外键',
  PRIMARY KEY (`id`) USING BTREE,
  KEY `fk_o_p` (`productId`) USING BTREE,
  KEY `fk_o_m` (`memberId`) USING BTREE,
  CONSTRAINT `fk_o_m` FOREIGN KEY (`memberId`) REFERENCES `member` (`id`),
  CONSTRAINT `fk_o_p` FOREIGN KEY (`productId`) REFERENCES `product` (`id`)
) ENGINE=InnoDB AUTO_INCREMENT=16 DEFAULT CHARSET=utf8 ROW_FORMAT=DYNAMIC;

/*Data for the table `orders` */

insert  into `orders`(`id`,`orderNum`,`orderTime`,`peopleCount`,`orderDesc`,`payType`,`orderStatus`,`productId`,`memberId`) values (1,'001','2018-02-03 07:30:00',1,'哈哈',0,1,1,1),(2,'002','2020-04-15 10:15:00',3,'嘻嘻',1,1,1,2),(3,'003','2018-02-03 15:00:00',2,'没什么',0,1,1,1),(4,'004','2020-04-15 19:00:00',2,'没什么1',1,1,5,2),(5,'005','2018-02-03 00:00:00',1,'没什么2',2,0,1,4),(6,'006','2020-04-15 00:00:00',5,'没什么6',0,1,1,4),(7,'007','2018-02-03 00:00:00',6,'没什么3',1,1,6,1),(8,'008','2020-04-15 00:00:00',2,'aaaaa',0,0,1,3),(9,'009','2018-02-03 00:00:00',7,'没什么',0,1,7,1),(10,'010','2020-04-15 00:00:00',2,'没什么2',2,1,4,1),(11,'011','2018-02-03 00:00:00',2,'cccc',1,0,2,3),(12,'012','2020-04-15 00:00:00',2,'没什么',2,1,1,1),(14,'014','2020-09-08 10:30:00',1,'666',0,0,3,2);

/*Table structure for table `permission` */

DROP TABLE IF EXISTS `permission`;

CREATE TABLE `permission` (
  `id` int(11) NOT NULL AUTO_INCREMENT,
  `permissionName` varchar(50) DEFAULT NULL,
  `url` varchar(100) DEFAULT NULL,
  PRIMARY KEY (`id`) USING BTREE
) ENGINE=InnoDB AUTO_INCREMENT=23535 DEFAULT CHARSET=utf8 ROW_FORMAT=DYNAMIC;

/*Data for the table `permission` */

insert  into `permission`(`id`,`permissionName`,`url`) values (107,'角色管理','/role/findAll.do'),(1943,'资源权限管理','/permission/findAll.do'),(23527,'用户管理','/user/findAll.do'),(23532,'订单管理','/order/findAll.do'),(23533,'产品管理','/product/findAll.do'),(23534,'日志管理','/sysLog/findAll.do');

/*Table structure for table `product` */

DROP TABLE IF EXISTS `product`;

CREATE TABLE `product` (
  `id` int(32) NOT NULL AUTO_INCREMENT,
  `productNum` varchar(50) DEFAULT NULL,
  `productName` varchar(50) DEFAULT NULL,
  `cityName` varchar(50) DEFAULT NULL,
  `departureTime` timestamp NULL DEFAULT NULL,
  `productPrice` double(11,0) DEFAULT NULL,
  `productDesc` varchar(250) DEFAULT NULL,
  `productStatus` int(11) DEFAULT NULL COMMENT '状态（0关闭 1开启）',
  PRIMARY KEY (`id`)
) ENGINE=InnoDB AUTO_INCREMENT=14 DEFAULT CHARSET=utf8 ROW_FORMAT=DYNAMIC;

/*Data for the table `product` */

insert  into `product`(`id`,`productNum`,`productName`,`cityName`,`departureTime`,`productPrice`,`productDesc`,`productStatus`) values (1,'001','云南一日游','云南','2020-04-07 07:30:00',2100,'云南欢迎你呀22',1),(2,'002','昆明三日游','昆明','2020-06-06 12:00:00',1800,'昆明欢迎你',1),(3,'003','上海一日游','上海','2020-05-08 09:00:00',3800,'魔都欢迎你',1),(4,'004','北京三日游','北京','2020-05-09 18:00:00',5800,'北京我来了',1),(5,'005','深圳七日游','昆明','2020-04-07 02:00:00',18000,'深圳欢迎你',1),(6,'006','昭通一日游','昭通','2020-05-08 15:30:00',1200,'昭通大山包',0),(7,'007','丽江一日游','昆明','2020-06-04 00:00:00',1500,'丽江古镇',0),(8,'008','北京二日游','北京','2020-09-10 00:00:00',10000,'ojbk',1),(9,'009','上海五日游','上海','2020-09-16 00:00:00',20000,'nice',0);

/*Table structure for table `role` */

DROP TABLE IF EXISTS `role`;

CREATE TABLE `role` (
  `id` int(11) NOT NULL AUTO_INCREMENT,
  `roleName` varchar(255) DEFAULT NULL,
  `roleDesc` varchar(255) DEFAULT NULL,
  PRIMARY KEY (`id`) USING BTREE
) ENGINE=InnoDB AUTO_INCREMENT=4 DEFAULT CHARSET=utf8 ROW_FORMAT=DYNAMIC;

/*Data for the table `role` */

insert  into `role`(`id`,`roleName`,`roleDesc`) values (1,'ADMIN','系统管理员'),(2,'USER','用户');

/*Table structure for table `role_permission` */

DROP TABLE IF EXISTS `role_permission`;

CREATE TABLE `role_permission` (
  `permissionId` int(11) NOT NULL,
  `roleId` int(11) NOT NULL,
  PRIMARY KEY (`permissionId`,`roleId`) USING BTREE,
  KEY `roleId` (`roleId`),
  CONSTRAINT `role_permission_ibfk_1` FOREIGN KEY (`permissionId`) REFERENCES `permission` (`id`) ON DELETE CASCADE ON UPDATE CASCADE,
  CONSTRAINT `role_permission_ibfk_2` FOREIGN KEY (`roleId`) REFERENCES `role` (`id`) ON DELETE CASCADE ON UPDATE CASCADE
) ENGINE=InnoDB DEFAULT CHARSET=utf8 ROW_FORMAT=DYNAMIC;

/*Data for the table `role_permission` */

insert  into `role_permission`(`permissionId`,`roleId`) values (107,1),(1943,1),(23527,1),(23532,1),(23533,1),(23534,1),(23532,2),(23533,2);

/*Table structure for table `syslog` */

DROP TABLE IF EXISTS `syslog`;

CREATE TABLE `syslog` (
  `id` int(70) NOT NULL AUTO_INCREMENT,
  `visitTime` datetime DEFAULT NULL COMMENT '访问时间',
  `username` varchar(50) DEFAULT NULL COMMENT '操作者用户名',
  `ip` varchar(40) DEFAULT NULL COMMENT '访问ip',
  `url` varchar(40) DEFAULT NULL COMMENT '访问资源url',
  `executionTime` int(11) DEFAULT NULL COMMENT '执行时长',
  `method` varchar(255) DEFAULT NULL COMMENT '访问方法',
  PRIMARY KEY (`id`) USING BTREE
) ENGINE=InnoDB AUTO_INCREMENT=271 DEFAULT CHARSET=utf8 ROW_FORMAT=DYNAMIC;

/*Data for the table `syslog` */

insert  into `syslog`(`id`,`visitTime`,`username`,`ip`,`url`,`executionTime`,`method`) values (1,'2020-09-13 13:49:42','admin','127.0.0.1','/user/findAll.do',142,'[类名] com.zhong.ssm.controller.UserController[方法名] findAll'),(2,'2020-09-13 13:49:45','admin','127.0.0.1','/role/findAll.do',22,'[类名] com.zhong.ssm.controller.RoleController[方法名] findAll'),(3,'2020-09-13 13:49:47','admin','127.0.0.1','/sysLog/findAll.do',19,'[类名] com.zhong.ssm.controller.SysLogController[方法名] findAll'),(4,'2020-09-13 13:50:06','admin','127.0.0.1','/sysLog/findAll.do',7,'[类名] com.zhong.ssm.controller.SysLogController[方法名] findAll'),(5,'2020-09-13 13:58:33','admin','127.0.0.1','/user/findAll.do',82,'[类名] com.zhong.ssm.controller.UserController[方法名] findAll'),(6,'2020-09-13 13:58:35','admin','127.0.0.1','/role/findAll.do',22,'[类名] com.zhong.ssm.controller.RoleController[方法名] findAll'),(7,'2020-09-13 13:58:38','admin','127.0.0.1','/sysLog/findAll.do',24,'[类名] com.zhong.ssm.controller.SysLogController[方法名] findAll'),(8,'2020-09-13 13:58:49','admin','127.0.0.1','/permission/findAll.do',19,'[类名] com.zhong.ssm.controller.PermissionController[方法名] findAll'),(9,'2020-09-13 13:58:52','admin','127.0.0.1','/sysLog/findAll.do',8,'[类名] com.zhong.ssm.controller.SysLogController[方法名] findAll'),(10,'2020-09-13 13:58:55','admin','127.0.0.1','/sysLog/findAll.do',8,'[类名] com.zhong.ssm.controller.SysLogController[方法名] findAll'),(11,'2020-09-13 13:58:57','admin','127.0.0.1','/sysLog/findAll.do',10,'[类名] com.zhong.ssm.controller.SysLogController[方法名] findAll'),(12,'2020-09-13 13:59:11','admin','127.0.0.1','/user/findAll.do',7,'[类名] com.zhong.ssm.controller.UserController[方法名] findAll'),(13,'2020-09-13 13:59:15','admin','127.0.0.1','/sysLog/findAll.do',19,'[类名] com.zhong.ssm.controller.SysLogController[方法名] findAll'),(14,'2020-09-13 13:59:18','admin','127.0.0.1','/permission/findAll.do',6,'[类名] com.zhong.ssm.controller.PermissionController[方法名] findAll'),(15,'2020-09-13 14:00:24','admin','127.0.0.1','/sysLog/findAll.do',15,'[类名] com.zhong.ssm.controller.SysLogController[方法名] findAll'),(16,'2020-09-13 14:00:28','admin','127.0.0.1','/sysLog/findAll.do',12,'[类名] com.zhong.ssm.controller.SysLogController[方法名] findAll'),(17,'2020-09-13 14:00:38','admin','127.0.0.1','/product/findAll.do',27,'[类名] com.zhong.ssm.controller.ProductController[方法名] findAll'),(18,'2020-09-13 14:00:40','admin','127.0.0.1','/product/editById.do',4,'[类名] com.zhong.ssm.controller.ProductController[方法名] editById'),(19,'2020-09-13 14:00:44','admin','127.0.0.1','/order/findAll.do',25,'[类名] com.zhong.ssm.controller.OrderController[方法名] findAll'),(20,'2020-09-13 14:00:46','admin','127.0.0.1','/product/findAll.do',7,'[类名] com.zhong.ssm.controller.ProductController[方法名] findAll'),(21,'2020-09-13 14:00:52','admin','127.0.0.1','/order/findAll.do',8,'[类名] com.zhong.ssm.controller.OrderController[方法名] findAll'),(22,'2020-09-13 14:01:00','admin','127.0.0.1','/order/findAll.do',12,'[类名] com.zhong.ssm.controller.OrderController[方法名] findAll'),(23,'2020-09-13 14:01:42','admin','127.0.0.1','/order/findById.do',16,'[类名] com.zhong.ssm.controller.OrderController[方法名] findById'),(24,'2020-09-13 14:01:47','admin','127.0.0.1','/order/findAll.do',12,'[类名] com.zhong.ssm.controller.OrderController[方法名] findAll'),(25,'2020-09-13 14:01:52','admin','127.0.0.1','/order/findById.do',11,'[类名] com.zhong.ssm.controller.OrderController[方法名] findById'),(26,'2020-09-13 14:01:54','admin','127.0.0.1','/order/findAll.do',8,'[类名] com.zhong.ssm.controller.OrderController[方法名] findAll'),(27,'2020-09-13 14:12:28','admin','127.0.0.1','/product/findAll.do',11,'[类名] com.zhong.ssm.controller.ProductController[方法名] findAll'),(28,'2020-09-13 14:12:32','admin','127.0.0.1','/product/editById.do',5,'[类名] com.zhong.ssm.controller.ProductController[方法名] editById'),(29,'2020-09-13 14:12:35','admin','127.0.0.1','/order/findAll.do',12,'[类名] com.zhong.ssm.controller.OrderController[方法名] findAll'),(30,'2020-09-13 14:12:46','admin','127.0.0.1','/product/findAll.do',7,'[类名] com.zhong.ssm.controller.ProductController[方法名] findAll'),(31,'2020-09-13 14:12:54','admin','127.0.0.1','/order/findAll.do',16,'[类名] com.zhong.ssm.controller.OrderController[方法名] findAll'),(32,'2020-09-13 14:13:07','admin','127.0.0.1','/product/findAll.do',8,'[类名] com.zhong.ssm.controller.ProductController[方法名] findAll'),(33,'2020-09-13 14:13:11','admin','127.0.0.1','/order/findAll.do',7,'[类名] com.zhong.ssm.controller.OrderController[方法名] findAll'),(34,'2020-09-13 14:16:30','admin','127.0.0.1','/order/findAll.do',9,'[类名] com.zhong.ssm.controller.OrderController[方法名] findAll'),(35,'2020-09-13 14:16:37','admin','127.0.0.1','/order/findById.do',8,'[类名] com.zhong.ssm.controller.OrderController[方法名] findById'),(36,'2020-09-13 14:16:48','admin','127.0.0.1','/order/findAll.do',7,'[类名] com.zhong.ssm.controller.OrderController[方法名] findAll'),(37,'2020-09-13 14:16:51','admin','127.0.0.1','/product/findAll.do',6,'[类名] com.zhong.ssm.controller.ProductController[方法名] findAll'),(38,'2020-09-13 14:17:20','admin','127.0.0.1','/product/editById.do',4,'[类名] com.zhong.ssm.controller.ProductController[方法名] editById'),(39,'2020-09-13 14:17:26','admin','127.0.0.1','/product/findAll.do',6,'[类名] com.zhong.ssm.controller.ProductController[方法名] findAll'),(40,'2020-09-13 14:17:52','admin','127.0.0.1','/order/findAll.do',8,'[类名] com.zhong.ssm.controller.OrderController[方法名] findAll'),(41,'2020-09-13 14:24:31','fox','127.0.0.1','/order/findAll.do',91,'[类名] com.zhong.ssm.controller.OrderController[方法名] findAll'),(42,'2020-09-13 14:24:34','fox','127.0.0.1','/product/findAll.do',25,'[类名] com.zhong.ssm.controller.ProductController[方法名] findAll'),(43,'2020-09-13 14:24:37','fox','127.0.0.1','/product/findById.do',12,'[类名] com.zhong.ssm.controller.ProductController[方法名] findById'),(44,'2020-09-13 14:24:48','fox','127.0.0.1','/product/findAll.do',9,'[类名] com.zhong.ssm.controller.ProductController[方法名] findAll'),(45,'2020-09-13 14:24:50','fox','127.0.0.1','/order/findAll.do',25,'[类名] com.zhong.ssm.controller.OrderController[方法名] findAll'),(46,'2020-09-13 14:24:51','fox','127.0.0.1','/order/findById.do',13,'[类名] com.zhong.ssm.controller.OrderController[方法名] findById'),(47,'2020-09-13 14:25:01','fox','127.0.0.1','/order/findAll.do',11,'[类名] com.zhong.ssm.controller.OrderController[方法名] findAll'),(48,'2020-09-13 14:25:05','fox','127.0.0.1','/product/findAll.do',9,'[类名] com.zhong.ssm.controller.ProductController[方法名] findAll'),(49,'2020-09-13 14:25:11','fox','127.0.0.1','/product/findById.do',5,'[类名] com.zhong.ssm.controller.ProductController[方法名] findById'),(50,'2020-09-13 14:29:03','fox','127.0.0.1','/product/findAll.do',10,'[类名] com.zhong.ssm.controller.ProductController[方法名] findAll'),(51,'2020-09-13 14:29:06','fox','127.0.0.1','/product/findAll.do',8,'[类名] com.zhong.ssm.controller.ProductController[方法名] findAll'),(52,'2020-09-13 14:29:09','fox','127.0.0.1','/product/findById.do',6,'[类名] com.zhong.ssm.controller.ProductController[方法名] findById'),(53,'2020-09-13 14:29:30','fox','127.0.0.1','/product/findAll.do',8,'[类名] com.zhong.ssm.controller.ProductController[方法名] findAll'),(54,'2020-09-13 14:30:54','fox','127.0.0.1','/product/findById.do',5,'[类名] com.zhong.ssm.controller.ProductController[方法名] findById'),(55,'2020-09-13 14:31:12','fox','127.0.0.1','/product/findAll.do',8,'[类名] com.zhong.ssm.controller.ProductController[方法名] findAll'),(56,'2020-09-13 14:31:16','fox','127.0.0.1','/product/editById.do',9,'[类名] com.zhong.ssm.controller.ProductController[方法名] editById'),(57,'2020-09-13 14:31:19','fox','127.0.0.1','/product/findAll.do',6,'[类名] com.zhong.ssm.controller.ProductController[方法名] findAll'),(58,'2020-09-13 14:31:21','fox','127.0.0.1','/product/findById.do',5,'[类名] com.zhong.ssm.controller.ProductController[方法名] findById'),(59,'2020-09-13 14:31:23','fox','127.0.0.1','/product/findAll.do',7,'[类名] com.zhong.ssm.controller.ProductController[方法名] findAll'),(60,'2020-09-13 14:31:39','fox','127.0.0.1','/product/findById.do',4,'[类名] com.zhong.ssm.controller.ProductController[方法名] findById'),(61,'2020-09-13 14:31:42','fox','127.0.0.1','/product/findAll.do',7,'[类名] com.zhong.ssm.controller.ProductController[方法名] findAll'),(62,'2020-09-13 14:32:06','fox','127.0.0.1','/product/findAll.do',8,'[类名] com.zhong.ssm.controller.ProductController[方法名] findAll'),(63,'2020-09-13 14:32:09','fox','127.0.0.1','/product/findById.do',6,'[类名] com.zhong.ssm.controller.ProductController[方法名] findById'),(64,'2020-09-13 14:32:10','fox','127.0.0.1','/product/findAll.do',5,'[类名] com.zhong.ssm.controller.ProductController[方法名] findAll'),(65,'2020-09-13 14:32:12','fox','127.0.0.1','/order/findAll.do',13,'[类名] com.zhong.ssm.controller.OrderController[方法名] findAll'),(66,'2020-09-13 14:32:13','fox','127.0.0.1','/order/findById.do',11,'[类名] com.zhong.ssm.controller.OrderController[方法名] findById'),(67,'2020-09-13 14:32:17','fox','127.0.0.1','/order/findAll.do',7,'[类名] com.zhong.ssm.controller.OrderController[方法名] findAll'),(68,'2020-09-13 14:37:26','fox','127.0.0.1','/permission/findAll.do',28,'[类名] com.zhong.ssm.controller.PermissionController[方法名] findAll'),(69,'2020-09-13 14:37:28','fox','127.0.0.1','/order/findAll.do',8,'[类名] com.zhong.ssm.controller.OrderController[方法名] findAll'),(70,'2020-09-13 14:37:47','fox','127.0.0.1','/order/findAll.do',9,'[类名] com.zhong.ssm.controller.OrderController[方法名] findAll'),(71,'2020-09-13 14:37:51','fox','127.0.0.1','/product/findAll.do',5,'[类名] com.zhong.ssm.controller.ProductController[方法名] findAll'),(72,'2020-09-13 14:37:55','fox','127.0.0.1','/order/findAll.do',9,'[类名] com.zhong.ssm.controller.OrderController[方法名] findAll'),(73,'2020-09-13 14:42:52','fox','127.0.0.1','/order/findAll.do',9,'[类名] com.zhong.ssm.controller.OrderController[方法名] findAll'),(74,'2020-09-13 14:46:00','fox','127.0.0.1','/order/findAll.do',12,'[类名] com.zhong.ssm.controller.OrderController[方法名] findAll'),(75,'2020-09-13 15:04:59','fox','127.0.0.1','/product/findAll.do',17,'[类名] com.zhong.ssm.controller.ProductController[方法名] findAll'),(76,'2020-09-13 15:05:03','fox','127.0.0.1','/order/findAll.do',9,'[类名] com.zhong.ssm.controller.OrderController[方法名] findAll'),(77,'2020-09-13 15:05:04','fox','127.0.0.1','/order/findById.do',10,'[类名] com.zhong.ssm.controller.OrderController[方法名] findById'),(78,'2020-09-13 15:05:11','fox','127.0.0.1','/order/findAll.do',8,'[类名] com.zhong.ssm.controller.OrderController[方法名] findAll'),(79,'2020-09-13 15:05:14','fox','127.0.0.1','/order/findById.do',8,'[类名] com.zhong.ssm.controller.OrderController[方法名] findById'),(80,'2020-09-13 15:05:21','fox','127.0.0.1','/order/findAll.do',14,'[类名] com.zhong.ssm.controller.OrderController[方法名] findAll'),(81,'2020-09-13 15:05:43','fox','127.0.0.1','/order/findAll.do',11,'[类名] com.zhong.ssm.controller.OrderController[方法名] findAll'),(82,'2020-09-13 15:05:45','fox','127.0.0.1','/order/findById.do',7,'[类名] com.zhong.ssm.controller.OrderController[方法名] findById'),(83,'2020-09-13 15:05:52','fox','127.0.0.1','/order/findAll.do',12,'[类名] com.zhong.ssm.controller.OrderController[方法名] findAll'),(84,'2020-09-13 15:12:13','fox','127.0.0.1','/order/findById.do',15,'[类名] com.zhong.ssm.controller.OrderController[方法名] findById'),(85,'2020-09-13 15:15:00','fox','127.0.0.1','/order/findAll.do',18,'[类名] com.zhong.ssm.controller.OrderController[方法名] findAll'),(86,'2020-09-13 15:23:22','tom','127.0.0.1','/order/findAll.do',93,'[类名] com.zhong.ssm.controller.OrderController[方法名] findAll'),(87,'2020-09-13 15:23:24','tom','127.0.0.1','/order/add.do',16,'[类名] com.zhong.ssm.controller.OrderController[方法名] add'),(88,'2020-09-13 15:35:27','tom','127.0.0.1','/order/add.do',26,'[类名] com.zhong.ssm.controller.OrderController[方法名] add'),(89,'2020-09-13 15:44:05','admin','127.0.0.1','/order/findAll.do',167,'[类名] com.zhong.ssm.controller.OrderController[方法名] findAll'),(90,'2020-09-13 15:44:11','admin','127.0.0.1','/order/findAll.do',11,'[类名] com.zhong.ssm.controller.OrderController[方法名] findAll'),(91,'2020-09-13 15:44:13','admin','127.0.0.1','/order/findAll.do',13,'[类名] com.zhong.ssm.controller.OrderController[方法名] findAll'),(92,'2020-09-13 15:44:15','admin','127.0.0.1','/order/add.do',16,'[类名] com.zhong.ssm.controller.OrderController[方法名] add'),(93,'2020-09-13 15:45:00','admin','127.0.0.1','/order/save.do',6,'[类名] com.zhong.ssm.controller.OrderController[方法名] save'),(94,'2020-09-13 15:46:43','admin','127.0.0.1','/order/add.do',16,'[类名] com.zhong.ssm.controller.OrderController[方法名] add'),(95,'2020-09-13 15:46:47','admin','127.0.0.1','/product/findAll.do',22,'[类名] com.zhong.ssm.controller.ProductController[方法名] findAll'),(96,'2020-09-13 15:46:50','admin','127.0.0.1','/product/findById.do',18,'[类名] com.zhong.ssm.controller.ProductController[方法名] findById'),(97,'2020-09-13 15:46:53','admin','127.0.0.1','/order/findAll.do',10,'[类名] com.zhong.ssm.controller.OrderController[方法名] findAll'),(98,'2020-09-13 15:46:56','admin','127.0.0.1','/order/findAll.do',8,'[类名] com.zhong.ssm.controller.OrderController[方法名] findAll'),(99,'2020-09-13 15:46:58','admin','127.0.0.1','/order/findById.do',11,'[类名] com.zhong.ssm.controller.OrderController[方法名] findById'),(100,'2020-09-13 15:47:13','admin','127.0.0.1','/order/findAll.do',9,'[类名] com.zhong.ssm.controller.OrderController[方法名] findAll'),(101,'2020-09-13 15:47:15','admin','127.0.0.1','/order/findById.do',8,'[类名] com.zhong.ssm.controller.OrderController[方法名] findById'),(102,'2020-09-13 15:47:17','admin','127.0.0.1','/order/findAll.do',9,'[类名] com.zhong.ssm.controller.OrderController[方法名] findAll'),(103,'2020-09-13 15:47:24','admin','127.0.0.1','/order/findById.do',27,'[类名] com.zhong.ssm.controller.OrderController[方法名] findById'),(104,'2020-09-13 15:47:27','admin','127.0.0.1','/order/findAll.do',10,'[类名] com.zhong.ssm.controller.OrderController[方法名] findAll'),(105,'2020-09-13 15:52:23','admin','127.0.0.1','/order/findAll.do',102,'[类名] com.zhong.ssm.controller.OrderController[方法名] findAll'),(106,'2020-09-13 15:52:25','admin','127.0.0.1','/order/add.do',14,'[类名] com.zhong.ssm.controller.OrderController[方法名] add'),(107,'2020-09-13 15:52:36','admin','127.0.0.1','/order/save.do',52,'[类名] com.zhong.ssm.controller.OrderController[方法名] save'),(108,'2020-09-13 15:52:36','admin','127.0.0.1','/order/findAll.do',18,'[类名] com.zhong.ssm.controller.OrderController[方法名] findAll'),(109,'2020-09-13 15:52:39','admin','127.0.0.1','/order/findAll.do',13,'[类名] com.zhong.ssm.controller.OrderController[方法名] findAll'),(110,'2020-09-13 15:52:44','admin','127.0.0.1','/order/findAll.do',9,'[类名] com.zhong.ssm.controller.OrderController[方法名] findAll'),(111,'2020-09-13 15:56:47','admin','127.0.0.1','/order/findAll.do',20,'[类名] com.zhong.ssm.controller.OrderController[方法名] findAll'),(112,'2020-09-13 15:56:51','admin','127.0.0.1','/order/findAll.do',9,'[类名] com.zhong.ssm.controller.OrderController[方法名] findAll'),(113,'2020-09-13 15:56:55','admin','127.0.0.1','/order/findAll.do',14,'[类名] com.zhong.ssm.controller.OrderController[方法名] findAll'),(114,'2020-09-13 15:56:57','admin','127.0.0.1','/order/findAll.do',16,'[类名] com.zhong.ssm.controller.OrderController[方法名] findAll'),(115,'2020-09-13 15:57:02','admin','127.0.0.1','/order/findById.do',13,'[类名] com.zhong.ssm.controller.OrderController[方法名] findById'),(116,'2020-09-13 15:57:05','admin','127.0.0.1','/order/findAll.do',16,'[类名] com.zhong.ssm.controller.OrderController[方法名] findAll'),(117,'2020-09-13 15:57:07','admin','127.0.0.1','/order/findById.do',8,'[类名] com.zhong.ssm.controller.OrderController[方法名] findById'),(118,'2020-09-13 15:57:23','admin','127.0.0.1','/order/findAll.do',26,'[类名] com.zhong.ssm.controller.OrderController[方法名] findAll'),(119,'2020-09-13 15:57:25','admin','127.0.0.1','/order/findById.do',8,'[类名] com.zhong.ssm.controller.OrderController[方法名] findById'),(120,'2020-09-13 15:57:28','admin','127.0.0.1','/order/findAll.do',15,'[类名] com.zhong.ssm.controller.OrderController[方法名] findAll'),(121,'2020-09-13 15:58:20','admin','127.0.0.1','/order/findById.do',8,'[类名] com.zhong.ssm.controller.OrderController[方法名] findById'),(122,'2020-09-13 15:58:23','admin','127.0.0.1','/order/findAll.do',14,'[类名] com.zhong.ssm.controller.OrderController[方法名] findAll'),(123,'2020-09-13 15:59:53','admin','127.0.0.1','/order/findById.do',9,'[类名] com.zhong.ssm.controller.OrderController[方法名] findById'),(124,'2020-09-13 15:59:56','admin','127.0.0.1','/order/findAll.do',12,'[类名] com.zhong.ssm.controller.OrderController[方法名] findAll'),(125,'2020-09-13 15:59:57','admin','127.0.0.1','/order/findById.do',8,'[类名] com.zhong.ssm.controller.OrderController[方法名] findById'),(126,'2020-09-13 16:00:02','admin','127.0.0.1','/order/findAll.do',16,'[类名] com.zhong.ssm.controller.OrderController[方法名] findAll'),(127,'2020-09-13 16:29:31','tom','127.0.0.1','/order/findAll.do',99,'[类名] com.zhong.ssm.controller.OrderController[方法名] findAll'),(128,'2020-09-13 16:29:35','tom','127.0.0.1','/order/add.do',18,'[类名] com.zhong.ssm.controller.OrderController[方法名] add'),(129,'2020-09-13 16:29:40','tom','127.0.0.1','/order/findAll.do',16,'[类名] com.zhong.ssm.controller.OrderController[方法名] findAll'),(130,'2020-09-13 16:29:42','tom','127.0.0.1','/order/findById.do',15,'[类名] com.zhong.ssm.controller.OrderController[方法名] findById'),(131,'2020-09-13 16:29:50','tom','127.0.0.1','/order/findAll.do',19,'[类名] com.zhong.ssm.controller.OrderController[方法名] findAll'),(132,'2020-09-13 16:29:52','tom','127.0.0.1','/order/editById.do',33,'[类名] com.zhong.ssm.controller.OrderController[方法名] editById'),(133,'2020-09-13 16:29:56','tom','127.0.0.1','/order/findAll.do',20,'[类名] com.zhong.ssm.controller.OrderController[方法名] findAll'),(134,'2020-09-13 16:30:00','tom','127.0.0.1','/order/editById.do',21,'[类名] com.zhong.ssm.controller.OrderController[方法名] editById'),(135,'2020-09-13 16:30:03','tom','127.0.0.1','/order/findAll.do',13,'[类名] com.zhong.ssm.controller.OrderController[方法名] findAll'),(136,'2020-09-13 16:30:04','tom','127.0.0.1','/order/findAll.do',14,'[类名] com.zhong.ssm.controller.OrderController[方法名] findAll'),(137,'2020-09-13 16:30:06','tom','127.0.0.1','/order/editById.do',23,'[类名] com.zhong.ssm.controller.OrderController[方法名] editById'),(138,'2020-09-13 16:30:08','tom','127.0.0.1','/order/findAll.do',13,'[类名] com.zhong.ssm.controller.OrderController[方法名] findAll'),(139,'2020-09-13 16:30:18','tom','127.0.0.1','/order/findAll.do',9,'[类名] com.zhong.ssm.controller.OrderController[方法名] findAll'),(140,'2020-09-13 16:30:20','tom','127.0.0.1','/order/editById.do',18,'[类名] com.zhong.ssm.controller.OrderController[方法名] editById'),(141,'2020-09-13 16:30:24','tom','127.0.0.1','/order/findAll.do',8,'[类名] com.zhong.ssm.controller.OrderController[方法名] findAll'),(142,'2020-09-13 16:30:26','tom','127.0.0.1','/order/editById.do',17,'[类名] com.zhong.ssm.controller.OrderController[方法名] editById'),(143,'2020-09-13 16:30:28','tom','127.0.0.1','/order/findAll.do',20,'[类名] com.zhong.ssm.controller.OrderController[方法名] findAll'),(144,'2020-09-13 16:30:31','tom','127.0.0.1','/order/findAll.do',9,'[类名] com.zhong.ssm.controller.OrderController[方法名] findAll'),(145,'2020-09-13 16:30:33','tom','127.0.0.1','/order/editById.do',14,'[类名] com.zhong.ssm.controller.OrderController[方法名] editById'),(146,'2020-09-13 16:30:35','tom','127.0.0.1','/order/findAll.do',11,'[类名] com.zhong.ssm.controller.OrderController[方法名] findAll'),(147,'2020-09-13 16:30:41','tom','127.0.0.1','/order/editById.do',16,'[类名] com.zhong.ssm.controller.OrderController[方法名] editById'),(148,'2020-09-13 16:30:43','tom','127.0.0.1','/order/findAll.do',11,'[类名] com.zhong.ssm.controller.OrderController[方法名] findAll'),(149,'2020-09-13 16:31:02','tom','127.0.0.1','/order/editById.do',16,'[类名] com.zhong.ssm.controller.OrderController[方法名] editById'),(150,'2020-09-13 16:37:27','tom','127.0.0.1','/order/findAll.do',15,'[类名] com.zhong.ssm.controller.OrderController[方法名] findAll'),(151,'2020-09-13 16:37:40','tom','127.0.0.1','/order/editById.do',20,'[类名] com.zhong.ssm.controller.OrderController[方法名] editById'),(152,'2020-09-13 16:40:27','tom','127.0.0.1','/order/findAll.do',16,'[类名] com.zhong.ssm.controller.OrderController[方法名] findAll'),(153,'2020-09-13 16:40:30','tom','127.0.0.1','/order/editById.do',18,'[类名] com.zhong.ssm.controller.OrderController[方法名] editById'),(154,'2020-09-13 16:40:45','tom','127.0.0.1','/order/editById.do',24,'[类名] com.zhong.ssm.controller.OrderController[方法名] editById'),(155,'2020-09-13 16:41:46','tom','127.0.0.1','/order/editById.do',23,'[类名] com.zhong.ssm.controller.OrderController[方法名] editById'),(156,'2020-09-13 16:41:49','tom','127.0.0.1','/order/findAll.do',14,'[类名] com.zhong.ssm.controller.OrderController[方法名] findAll'),(157,'2020-09-13 16:41:51','tom','127.0.0.1','/order/editById.do',22,'[类名] com.zhong.ssm.controller.OrderController[方法名] editById'),(158,'2020-09-13 16:42:35','tom','127.0.0.1','/order/editById.do',13,'[类名] com.zhong.ssm.controller.OrderController[方法名] editById'),(159,'2020-09-13 16:45:31','tom','127.0.0.1','/order/editById.do',16,'[类名] com.zhong.ssm.controller.OrderController[方法名] editById'),(160,'2020-09-13 16:49:51','tom','127.0.0.1','/order/findAll.do',15,'[类名] com.zhong.ssm.controller.OrderController[方法名] findAll'),(161,'2020-09-13 16:49:53','tom','127.0.0.1','/order/editById.do',17,'[类名] com.zhong.ssm.controller.OrderController[方法名] editById'),(162,'2020-09-13 16:49:58','tom','127.0.0.1','/order/findAll.do',10,'[类名] com.zhong.ssm.controller.OrderController[方法名] findAll'),(163,'2020-09-13 16:49:59','tom','127.0.0.1','/order/findAll.do',7,'[类名] com.zhong.ssm.controller.OrderController[方法名] findAll'),(164,'2020-09-13 16:50:01','tom','127.0.0.1','/order/editById.do',16,'[类名] com.zhong.ssm.controller.OrderController[方法名] editById'),(165,'2020-09-13 16:50:27','tom','127.0.0.1','/order/findAll.do',11,'[类名] com.zhong.ssm.controller.OrderController[方法名] findAll'),(166,'2020-09-13 16:50:29','tom','127.0.0.1','/order/findAll.do',8,'[类名] com.zhong.ssm.controller.OrderController[方法名] findAll'),(167,'2020-09-13 16:50:31','tom','127.0.0.1','/order/findAll.do',7,'[类名] com.zhong.ssm.controller.OrderController[方法名] findAll'),(168,'2020-09-13 16:50:32','tom','127.0.0.1','/order/editById.do',13,'[类名] com.zhong.ssm.controller.OrderController[方法名] editById'),(169,'2020-09-13 17:01:42','admin','127.0.0.1','/order/findAll.do',134,'[类名] com.zhong.ssm.controller.OrderController[方法名] findAll'),(170,'2020-09-13 17:01:44','admin','127.0.0.1','/order/editById.do',31,'[类名] com.zhong.ssm.controller.OrderController[方法名] editById'),(171,'2020-09-13 17:01:46','admin','127.0.0.1','/order/findAll.do',19,'[类名] com.zhong.ssm.controller.OrderController[方法名] findAll'),(172,'2020-09-13 17:01:47','admin','127.0.0.1','/order/editById.do',20,'[类名] com.zhong.ssm.controller.OrderController[方法名] editById'),(173,'2020-09-13 17:01:49','admin','127.0.0.1','/order/findAll.do',37,'[类名] com.zhong.ssm.controller.OrderController[方法名] findAll'),(174,'2020-09-13 17:01:50','admin','127.0.0.1','/order/editById.do',18,'[类名] com.zhong.ssm.controller.OrderController[方法名] editById'),(175,'2020-09-13 17:02:24','admin','127.0.0.1','/order/findAll.do',16,'[类名] com.zhong.ssm.controller.OrderController[方法名] findAll'),(176,'2020-09-13 17:02:26','admin','127.0.0.1','/order/editById.do',21,'[类名] com.zhong.ssm.controller.OrderController[方法名] editById'),(177,'2020-09-13 17:02:59','admin','127.0.0.1','/order/findAll.do',15,'[类名] com.zhong.ssm.controller.OrderController[方法名] findAll'),(178,'2020-09-13 17:03:02','admin','127.0.0.1','/order/editById.do',16,'[类名] com.zhong.ssm.controller.OrderController[方法名] editById'),(179,'2020-09-13 17:03:10','admin','127.0.0.1','/order/findAll.do',11,'[类名] com.zhong.ssm.controller.OrderController[方法名] findAll'),(180,'2020-09-13 17:03:11','admin','127.0.0.1','/order/editById.do',20,'[类名] com.zhong.ssm.controller.OrderController[方法名] editById'),(181,'2020-09-13 17:03:13','admin','127.0.0.1','/order/findAll.do',9,'[类名] com.zhong.ssm.controller.OrderController[方法名] findAll'),(182,'2020-09-13 17:03:14','admin','127.0.0.1','/order/findAll.do',12,'[类名] com.zhong.ssm.controller.OrderController[方法名] findAll'),(183,'2020-09-13 17:03:15','admin','127.0.0.1','/order/editById.do',16,'[类名] com.zhong.ssm.controller.OrderController[方法名] editById'),(184,'2020-09-13 17:03:17','admin','127.0.0.1','/order/findAll.do',10,'[类名] com.zhong.ssm.controller.OrderController[方法名] findAll'),(185,'2020-09-13 17:03:18','admin','127.0.0.1','/order/editById.do',16,'[类名] com.zhong.ssm.controller.OrderController[方法名] editById'),(186,'2020-09-13 17:03:21','admin','127.0.0.1','/order/findAll.do',9,'[类名] com.zhong.ssm.controller.OrderController[方法名] findAll'),(187,'2020-09-13 17:03:25','admin','127.0.0.1','/order/editById.do',16,'[类名] com.zhong.ssm.controller.OrderController[方法名] editById'),(188,'2020-09-13 17:03:33','admin','127.0.0.1','/sysLog/findAll.do',18,'[类名] com.zhong.ssm.controller.SysLogController[方法名] findAll'),(189,'2020-09-13 17:03:35','admin','127.0.0.1','/order/findAll.do',11,'[类名] com.zhong.ssm.controller.OrderController[方法名] findAll'),(190,'2020-09-13 17:04:04','admin','127.0.0.1','/order/editById.do',25,'[类名] com.zhong.ssm.controller.OrderController[方法名] editById'),(191,'2020-09-13 17:06:07','admin','127.0.0.1','/order/editById.do',30,'[类名] com.zhong.ssm.controller.OrderController[方法名] editById'),(192,'2020-09-13 17:06:20','admin','127.0.0.1','/order/editById.do',20,'[类名] com.zhong.ssm.controller.OrderController[方法名] editById'),(193,'2020-09-13 17:06:22','admin','127.0.0.1','/order/findAll.do',10,'[类名] com.zhong.ssm.controller.OrderController[方法名] findAll'),(194,'2020-09-13 17:06:31','admin','127.0.0.1','/order/editById.do',15,'[类名] com.zhong.ssm.controller.OrderController[方法名] editById'),(195,'2020-09-13 17:06:59','admin','127.0.0.1','/order/findAll.do',26,'[类名] com.zhong.ssm.controller.OrderController[方法名] findAll'),(196,'2020-09-13 17:10:41','admin','127.0.0.1','/order/findAll.do',122,'[类名] com.zhong.ssm.controller.OrderController[方法名] findAll'),(197,'2020-09-13 17:10:46','admin','127.0.0.1','/order/editById.do',31,'[类名] com.zhong.ssm.controller.OrderController[方法名] editById'),(198,'2020-09-13 17:11:58','admin','127.0.0.1','/order/findAll.do',32,'[类名] com.zhong.ssm.controller.OrderController[方法名] findAll'),(199,'2020-09-13 17:12:00','admin','127.0.0.1','/order/editById.do',32,'[类名] com.zhong.ssm.controller.OrderController[方法名] editById'),(200,'2020-09-13 17:16:31','admin','127.0.0.1','/order/findAll.do',116,'[类名] com.zhong.ssm.controller.OrderController[方法名] findAll'),(201,'2020-09-13 17:16:35','admin','127.0.0.1','/order/editById.do',41,'[类名] com.zhong.ssm.controller.OrderController[方法名] editById'),(202,'2020-09-13 17:21:09','tom','127.0.0.1','/order/findAll.do',120,'[类名] com.zhong.ssm.controller.OrderController[方法名] findAll'),(203,'2020-09-13 17:21:11','tom','127.0.0.1','/order/editById.do',28,'[类名] com.zhong.ssm.controller.OrderController[方法名] editById'),(204,'2020-09-13 17:21:13','tom','127.0.0.1','/order/findAll.do',32,'[类名] com.zhong.ssm.controller.OrderController[方法名] findAll'),(205,'2020-09-13 17:21:14','tom','127.0.0.1','/order/editById.do',28,'[类名] com.zhong.ssm.controller.OrderController[方法名] editById'),(206,'2020-09-13 17:21:16','tom','127.0.0.1','/order/findAll.do',19,'[类名] com.zhong.ssm.controller.OrderController[方法名] findAll'),(207,'2020-09-13 17:21:17','tom','127.0.0.1','/order/editById.do',18,'[类名] com.zhong.ssm.controller.OrderController[方法名] editById'),(208,'2020-09-13 17:21:18','tom','127.0.0.1','/order/findAll.do',16,'[类名] com.zhong.ssm.controller.OrderController[方法名] findAll'),(209,'2020-09-13 17:21:19','tom','127.0.0.1','/order/editById.do',22,'[类名] com.zhong.ssm.controller.OrderController[方法名] editById'),(210,'2020-09-13 17:21:21','tom','127.0.0.1','/order/findAll.do',9,'[类名] com.zhong.ssm.controller.OrderController[方法名] findAll'),(211,'2020-09-13 17:21:23','tom','127.0.0.1','/order/editById.do',17,'[类名] com.zhong.ssm.controller.OrderController[方法名] editById'),(212,'2020-09-13 17:21:28','tom','127.0.0.1','/order/save.do',49,'[类名] com.zhong.ssm.controller.OrderController[方法名] save'),(213,'2020-09-13 17:21:28','tom','127.0.0.1','/order/findAll.do',16,'[类名] com.zhong.ssm.controller.OrderController[方法名] findAll'),(214,'2020-09-13 17:21:30','tom','127.0.0.1','/order/editById.do',14,'[类名] com.zhong.ssm.controller.OrderController[方法名] editById'),(215,'2020-09-13 17:21:32','tom','127.0.0.1','/order/findAll.do',11,'[类名] com.zhong.ssm.controller.OrderController[方法名] findAll'),(216,'2020-09-13 17:21:33','tom','127.0.0.1','/order/editById.do',15,'[类名] com.zhong.ssm.controller.OrderController[方法名] editById'),(217,'2020-09-13 17:21:36','tom','127.0.0.1','/order/findAll.do',10,'[类名] com.zhong.ssm.controller.OrderController[方法名] findAll'),(218,'2020-09-13 17:30:01','admin','127.0.0.1','/order/findAll.do',105,'[类名] com.zhong.ssm.controller.OrderController[方法名] findAll'),(219,'2020-09-13 17:30:09','admin','127.0.0.1','/order/editById.do',28,'[类名] com.zhong.ssm.controller.OrderController[方法名] editById'),(220,'2020-09-13 17:30:24','admin','127.0.0.1','/order/edit.do',35,'[类名] com.zhong.ssm.controller.OrderController[方法名] edit'),(221,'2020-09-13 17:30:24','admin','127.0.0.1','/order/findAll.do',42,'[类名] com.zhong.ssm.controller.OrderController[方法名] findAll'),(222,'2020-09-13 17:30:41','admin','127.0.0.1','/user/findAll.do',20,'[类名] com.zhong.ssm.controller.UserController[方法名] findAll'),(223,'2020-09-13 17:30:49','admin','127.0.0.1','/role/findAll.do',24,'[类名] com.zhong.ssm.controller.RoleController[方法名] findAll'),(224,'2020-09-13 17:30:54','admin','127.0.0.1','/user/findAll.do',8,'[类名] com.zhong.ssm.controller.UserController[方法名] findAll'),(225,'2020-09-13 17:30:58','admin','127.0.0.1','/permission/findAll.do',18,'[类名] com.zhong.ssm.controller.PermissionController[方法名] findAll'),(226,'2020-09-13 17:31:01','admin','127.0.0.1','/sysLog/findAll.do',20,'[类名] com.zhong.ssm.controller.SysLogController[方法名] findAll'),(227,'2020-09-13 17:31:07','admin','127.0.0.1','/sysLog/findAll.do',19,'[类名] com.zhong.ssm.controller.SysLogController[方法名] findAll'),(228,'2020-09-13 17:31:12','admin','127.0.0.1','/user/findAll.do',9,'[类名] com.zhong.ssm.controller.UserController[方法名] findAll'),(229,'2020-09-13 17:31:19','admin','127.0.0.1','/user/findAll.do',5,'[类名] com.zhong.ssm.controller.UserController[方法名] findAll'),(230,'2020-09-13 17:31:21','admin','127.0.0.1','/user/findById.do',16,'[类名] com.zhong.ssm.controller.UserController[方法名] findById'),(231,'2020-09-13 17:31:31','admin','127.0.0.1','/user/findAll.do',15,'[类名] com.zhong.ssm.controller.UserController[方法名] findAll'),(232,'2020-09-13 17:31:32','admin','127.0.0.1','/user/findUserByIdAndAllRole.do',12,'[类名] com.zhong.ssm.controller.UserController[方法名] findUserByIdAndAllRole'),(233,'2020-09-13 17:31:34','admin','127.0.0.1','/user/findAll.do',6,'[类名] com.zhong.ssm.controller.UserController[方法名] findAll'),(234,'2020-09-13 17:31:36','admin','127.0.0.1','/role/findAll.do',6,'[类名] com.zhong.ssm.controller.RoleController[方法名] findAll'),(235,'2020-09-13 17:31:39','admin','127.0.0.1','/permission/findAll.do',3,'[类名] com.zhong.ssm.controller.PermissionController[方法名] findAll'),(236,'2020-09-13 17:31:43','admin','127.0.0.1','/role/findAll.do',5,'[类名] com.zhong.ssm.controller.RoleController[方法名] findAll'),(237,'2020-09-13 17:31:46','admin','127.0.0.1','/permission/findAll.do',4,'[类名] com.zhong.ssm.controller.PermissionController[方法名] findAll'),(238,'2020-09-13 17:31:52','admin','127.0.0.1','/role/findAll.do',6,'[类名] com.zhong.ssm.controller.RoleController[方法名] findAll'),(239,'2020-09-13 17:31:57','admin','127.0.0.1','/user/findAll.do',5,'[类名] com.zhong.ssm.controller.UserController[方法名] findAll'),(240,'2020-09-13 17:32:03','admin','127.0.0.1','/role/findAll.do',6,'[类名] com.zhong.ssm.controller.RoleController[方法名] findAll'),(241,'2020-09-13 17:32:09','admin','127.0.0.1','/user/findAll.do',7,'[类名] com.zhong.ssm.controller.UserController[方法名] findAll'),(242,'2020-09-13 17:32:12','admin','127.0.0.1','/role/findAll.do',4,'[类名] com.zhong.ssm.controller.RoleController[方法名] findAll'),(243,'2020-09-13 17:32:56','admin','127.0.0.1','/user/findAll.do',10,'[类名] com.zhong.ssm.controller.UserController[方法名] findAll'),(244,'2020-09-13 17:41:26','admin','127.0.0.1','/user/findAll.do',8,'[类名] com.zhong.ssm.controller.UserController[方法名] findAll'),(245,'2020-09-13 17:41:34','admin','127.0.0.1','/permission/findAll.do',5,'[类名] com.zhong.ssm.controller.PermissionController[方法名] findAll'),(246,'2020-09-13 17:41:37','admin','127.0.0.1','/role/findAll.do',7,'[类名] com.zhong.ssm.controller.RoleController[方法名] findAll'),(247,'2020-09-13 19:06:47','admin','127.0.0.1','/sysLog/findAll.do',136,'[类名] com.zhong.ssm.controller.SysLogController[方法名] findAll'),(248,'2020-09-13 19:06:50','admin','127.0.0.1','/sysLog/findAll.do',33,'[类名] com.zhong.ssm.controller.SysLogController[方法名] findAll'),(249,'2020-09-13 19:06:53','admin','127.0.0.1','/sysLog/findAll.do',13,'[类名] com.zhong.ssm.controller.SysLogController[方法名] findAll'),(250,'2020-09-13 19:07:23','tom','127.0.0.1','/product/findAll.do',20,'[类名] com.zhong.ssm.controller.ProductController[方法名] findAll'),(251,'2020-09-13 19:07:26','tom','127.0.0.1','/order/findAll.do',25,'[类名] com.zhong.ssm.controller.OrderController[方法名] findAll'),(252,'2020-09-13 19:07:28','tom','127.0.0.1','/product/findAll.do',8,'[类名] com.zhong.ssm.controller.ProductController[方法名] findAll'),(253,'2020-09-13 19:07:34','tom','127.0.0.1','/product/findAll.do',23,'[类名] com.zhong.ssm.controller.ProductController[方法名] findAll'),(254,'2020-09-13 19:07:38','tom','127.0.0.1','/order/findAll.do',17,'[类名] com.zhong.ssm.controller.OrderController[方法名] findAll'),(255,'2020-09-13 19:07:44','tom','127.0.0.1','/product/findAll.do',7,'[类名] com.zhong.ssm.controller.ProductController[方法名] findAll'),(256,'2020-09-13 19:07:52','tom','127.0.0.1','/product/findAll.do',8,'[类名] com.zhong.ssm.controller.ProductController[方法名] findAll'),(257,'2020-09-13 19:10:07','tom','127.0.0.1','/product/findAll.do',7,'[类名] com.zhong.ssm.controller.ProductController[方法名] findAll'),(258,'2020-09-13 19:30:33','admin','127.0.0.1','/role/findAll.do',18,'[类名] com.zhong.ssm.controller.RoleController[方法名] findAll'),(259,'2020-09-13 19:30:35','admin','127.0.0.1','/role/findRoleByIdAndAllPermission.do',12,'[类名] com.zhong.ssm.controller.RoleController[方法名] findRoleByIdAndAllPermission'),(260,'2020-09-13 19:30:37','admin','127.0.0.1','/role/findAll.do',17,'[类名] com.zhong.ssm.controller.RoleController[方法名] findAll'),(261,'2020-09-13 19:30:40','admin','127.0.0.1','/role/findRoleByIdAndAllPermission.do',8,'[类名] com.zhong.ssm.controller.RoleController[方法名] findRoleByIdAndAllPermission'),(262,'2020-09-13 19:30:57','admin','127.0.0.1','/role/findAll.do',7,'[类名] com.zhong.ssm.controller.RoleController[方法名] findAll'),(263,'2020-09-13 19:30:58','admin','127.0.0.1','/role/findById.do',8,'[类名] com.zhong.ssm.controller.RoleController[方法名] findById'),(264,'2020-09-13 19:31:03','admin','127.0.0.1','/user/findAll.do',20,'[类名] com.zhong.ssm.controller.UserController[方法名] findAll'),(265,'2020-09-13 19:31:07','admin','127.0.0.1','/role/findAll.do',7,'[类名] com.zhong.ssm.controller.RoleController[方法名] findAll'),(266,'2020-09-13 19:31:09','admin','127.0.0.1','/role/findById.do',4,'[类名] com.zhong.ssm.controller.RoleController[方法名] findById'),(267,'2020-09-13 19:31:17','admin','127.0.0.1','/user/findAll.do',5,'[类名] com.zhong.ssm.controller.UserController[方法名] findAll'),(268,'2020-09-13 19:32:59','admin','127.0.0.1','/sysLog/findAll.do',12,'[类名] com.zhong.ssm.controller.SysLogController[方法名] findAll'),(269,'2020-09-13 19:33:02','admin','127.0.0.1','/sysLog/findAll.do',17,'[类名] com.zhong.ssm.controller.SysLogController[方法名] findAll'),(270,'2020-09-13 19:33:05','admin','127.0.0.1','/sysLog/findAll.do',6,'[类名] com.zhong.ssm.controller.SysLogController[方法名] findAll');

/*Table structure for table `traveller` */

DROP TABLE IF EXISTS `traveller`;

CREATE TABLE `traveller` (
  `id` int(32) NOT NULL AUTO_INCREMENT,
  `name` varchar(25) DEFAULT NULL,
  `sex` varchar(8) DEFAULT NULL,
  `phoneNum` varchar(20) DEFAULT NULL,
  `credentialsType` int(11) DEFAULT NULL COMMENT '证件类型 0身份证 1护照 2军官证',
  `credentialsNum` varchar(50) DEFAULT NULL COMMENT '证件号码',
  `travellerType` int(11) DEFAULT NULL COMMENT '旅客类型(人群) 0 成人 1 儿童',
  PRIMARY KEY (`id`) USING BTREE
) ENGINE=InnoDB AUTO_INCREMENT=7 DEFAULT CHARSET=utf8 ROW_FORMAT=DYNAMIC;

/*Data for the table `traveller` */

insert  into `traveller`(`id`,`name`,`sex`,`phoneNum`,`credentialsType`,`credentialsNum`,`travellerType`) values (1,'赵龙','男','13888888888',0,'123456789009876543',0),(2,'小明','男','1111',0,'112234454',1),(3,'小张','男','13356567777',1,'111111',0),(4,'晴子','女','6666',1,'55555555555',0),(5,'上校','男','114',2,'89651316878975554',0),(6,'小豆子','女','17946564475',0,'975641173464646564',1);

/*Table structure for table `users` */

DROP TABLE IF EXISTS `users`;

CREATE TABLE `users` (
  `id` int(11) NOT NULL AUTO_INCREMENT,
  `email` varchar(50) NOT NULL,
  `username` varchar(25) DEFAULT NULL,
  `password` varchar(255) DEFAULT NULL,
  `phoneNum` varchar(20) DEFAULT NULL,
  `status` int(11) DEFAULT NULL COMMENT '状态0 未开启 1 开启',
  PRIMARY KEY (`id`) USING BTREE
) ENGINE=InnoDB AUTO_INCREMENT=20618 DEFAULT CHARSET=utf8 ROW_FORMAT=DYNAMIC;

/*Data for the table `users` */

insert  into `users`(`id`,`email`,`username`,`password`,`phoneNum`,`status`) values (1,'a@qq.com','admin','$2a$10$Ce8LB3jdYDZ2f6HB281zA.4eC7v6ziJdK8MMWg0Yu8ETMg5ToMpIe','13888888888',1),(2,'adfa','tom','$2a$10$Ce8LB3jdYDZ2f6HB281zA.4eC7v6ziJdK8MMWg0Yu8ETMg5ToMpIe','546514684',1),(3,'1847481@QQ.com','wBekvam','$2a$10$Ce8LB3jdYDZ2f6HB281zA.4eC7v6ziJdK8MMWg0Yu8ETMg5ToMpIe','15752250992',1),(4,'11948939@qq.com','等灯','$2a$10$Ce8LB3jdYDZ2f6HB281zA.4eC7v6ziJdK8MMWg0Yu8ETMg5ToMpIe','15752250992',0),(5,'a@qq.com','user','$2a$10$i7QFXNog.2TT3pCrekha1uJsw54fcBPqVK1ncWtW6HxaGkiMFCBw.','54154151',1),(6,'a@qq.com','赵龙','$2a$10$Ce8LB3jdYDZ2f6HB281zA.4eC7v6ziJdK8MMWg0Yu8ETMg5ToMpIe','13888888888',1),(6862,'11919@qq.com','zhong','$2a$10$mEKoiccVd9lmBJh7czLgy.3bIzaGLiUmn1nsQ65mEvSlI7G3K.1J6','15752250992',1),(20614,'zhixing1010@163.com','root','$2a$10$xmIe31HlXwR5xLKAzzEnju.CDiYZ.qFuCaO832.fFQB0mWYNc/xya','15752250992',0),(20616,'115274737@qq.com','fox','$2a$10$iwm0S6jYFxa.xm39hxEKuuY5XqonbgN83iAkY8ObCMr9clp6QkPia','15088883777',1);

/*Table structure for table `users_role` */

DROP TABLE IF EXISTS `users_role`;

CREATE TABLE `users_role` (
  `userId` int(11) NOT NULL,
  `roleId` int(11) NOT NULL,
  PRIMARY KEY (`userId`,`roleId`),
  KEY `roleId` (`roleId`),
  CONSTRAINT `users_role_ibfk_1` FOREIGN KEY (`roleId`) REFERENCES `role` (`id`) ON DELETE CASCADE ON UPDATE CASCADE,
  CONSTRAINT `users_role_ibfk_2` FOREIGN KEY (`userId`) REFERENCES `users` (`id`) ON DELETE CASCADE ON UPDATE CASCADE
) ENGINE=InnoDB DEFAULT CHARSET=utf8 ROW_FORMAT=DYNAMIC;

/*Data for the table `users_role` */

insert  into `users_role`(`userId`,`roleId`) values (1,1),(5,1),(6,1),(6862,1),(1,2),(2,2),(3,2),(4,2),(5,2),(6,2),(6862,2),(20614,2),(20616,2);

/*!40101 SET SQL_MODE=@OLD_SQL_MODE */;
/*!40014 SET FOREIGN_KEY_CHECKS=@OLD_FOREIGN_KEY_CHECKS */;
/*!40014 SET UNIQUE_CHECKS=@OLD_UNIQUE_CHECKS */;
/*!40111 SET SQL_NOTES=@OLD_SQL_NOTES */;
